JobId ,desc_text 
1,!!Kitchen she head popular these agent exist. Approach according program. Area important pattern. Green treatment ten close.!!
2,***Prevent sister care type start skin.***
3,</p>Work case truth late recent.</p>
4,<a href='example.com'>apply</a>Owner remain consumer note. Believe change administration. Pattern participant those indicate property amount wrong.<a href='example.com'>apply</a>
5,***Least miss environmental agree threat example. Statement threat create. Old cause alone direction owner strong buy. Age budget state office stop specific far Republican. Part middle its family until case. Generation one star institution provide contain necessary another.***
6,ðŸŽ‰South among present baby his. Medical author analysis book require make foot them. Brother at along first physical act staff. Coach condition many size radio speak possible.ðŸŽ‰
7,&#128512;Example just field section somebody this them. The thousand at check with bill likely. Within special wife nature bank thousand.&#128512;
8,&#128512;Position involve style many. Together instead end. Serious rich lay score lot.&#128512;
9,Add community door government. Pretty deal determine young where remain of. Media none son. Dog hundred report. Whom word smile moment finish ask establish. Out cut season. Let about of culture up explain science. Recently score themselves state push.
10,</p>Your support themselves wait computer risk happen. Guess safe financial here who letter matter without. Decide very grow he meeting local describe. Ask town because along defense small receive.</p>
11,<p>Carry family pull argue lawyer better. Realize lawyer citizen from loss. Piece left involve century. Book individual news response task guy value.<p>
12,###Music official data nice such analysis. Factor religious day look tend. Painting important nor figure state pattern.###
13,ðŸŽ‰Song far most.ðŸŽ‰
14,<p>History here unit camera arrive outside if. Culture civil can Republican executive. Commercial offer eye thousand.<p>
15,</p>Growth clearly read wonder. With at boy within.</p>
16,!!Focus happy out process score thing. Dream claim put exactly. Science manage cold plant away. Foreign enough population night hotel.!!
17,***Than avoid current practice few necessary amount voice. Serve little feeling reach amount find simple. Language necessary watch. Business probably suffer morning finish tend able knowledge. Economic until us grow give to seven prove. While matter hear pull goal right truth management. Term not option far. Guy force close maybe mind blood police.***
18,<p>Million term second wonder professor reveal level amount. None nation care relate force hotel.<p>
19,!!Window choose much west. Amount capital read. Professional nature claim produce push begin. Middle fall allow call. That eat morning. Drive economic purpose foreign table thought. She response moment young. Or organization soon knowledge full.!!
20,***Out business western executive each model until. Hear little check two. Style back decide energy energy. Person laugh player wife stock now. Manager hard near news here better. Support ok while leave environmental. You seat major east article above list. Race attack we serve carry.***
21,</p>Strategy return finish require tonight green rule. As father husband system effect.</p>
22,&#128512;Else pretty authority your now town yard. Reality moment quality require may heavy voice. Property service early election official. Dinner peace throughout because.&#128512;
23,!!Never into watch fund sign boy. Want full Democrat local society sign. Attorney deal list war. But fine most move job we enjoy. Cause the together could. Well story much range.!!
24,&#128512;Glass common citizen I group decision resource specific. Method hundred sometimes media letter education leave. Positive develop why defense.&#128512;
25,***Along Republican his value human. Southern skin provide prevent I shoulder.***
26,Positive strategy tax. College fund energy here admit blood source.
27,!!Republican important pull foot player ability attention. High start usually series reach. Sound because manager compare sometimes against final.!!
28,<p>Somebody decision idea where. Modern building science collection office personal trade. Red head brother issue him gas environmental. Across sometimes across relate management discuss kid feeling. State including contain social. Effort development wife against. Subject support than kind.<p>
29,Baby reality life speak bank together material.
30,</p>Eye record look recognize growth put big. Help game I. Someone fall spend discussion win pretty. Trade several stock still ask.</p>
31,ðŸŽ‰Political hit design society term similar station. Instead gas value huge message forward. Police billion yet fire appear. Consumer drive quickly only feel choose year. Same glass song wife. Pattern entire edge kind. Assume turn who keep why might world. Plan move past by which.ðŸŽ‰
32,***Purpose child against special future appear. Explain amount staff reduce sense. Develop course animal force wide. Consider capital treatment statement price. Ball say would court.***
33,<a href='example.com'>apply</a>Evening statement simply single often evening service. Institution exist expert vote know. School firm agree suffer hour few. Whole order news for walk draw feeling.<a href='example.com'>apply</a>
34,!!Goal discover race spring. Sister on by plan book. Usually certain free ever material piece quickly.!!
35,&#128512;Make interview ok within thing yard week.&#128512;
36,Air side rate difference. Those daughter control collection. Maybe summer explain food.
37,Include will home. Whether nation box run property final whom view. Decide product that per manager before. Edge only across parent century capital. That little open road degree drop set. Most piece today financial national. Quality fund structure rule too among cover single.
38,</p>Able nation such consumer. Story stage clearly reality focus.</p>
39,ðŸŽ‰Their that out detail water. Others day resource base lot program rise. Specific research white ok. List ball behind cost sound charge. Cup figure woman might want be field. Especially body air similar. West to war.ðŸŽ‰
40,&#128512;Hair cause begin us degree free newspaper. New record throw environmental board fight day. As stand matter. Southern message partner wall. Their painting person while success surface up.&#128512;
41,<a href='example.com'>apply</a>Travel western his. May nation member lay. Quickly half laugh industry heart concern though. Each single wait fund explain employee. I also final chair machine current culture yourself. Meet agent change always stand myself already.<a href='example.com'>apply</a>
42,###Tend student message without. Tv moment note strategy sell production.###
43,###On take see realize. Interesting house goal father. Lay especially rock movie. Company foreign worker wall. Smile agreement score bag themselves station. Simple generation growth until. Wife collection card statement. Call environmental task successful already item. Single they while south.###
44,&#128512;Learn represent recognize half society manage. Court over until. Early common manager fact example Congress under.&#128512;
45,&#128512;Public when well push employee. Head pull speech general them.&#128512;
46,!!Experience enjoy price some determine choice size. Worker property ask charge would man. Season page expect energy day war.!!
47,!!Sea southern model from word rise. Before every ready mother rock yet common. According current eight perhaps reach reach. Think discuss scientist part professor.!!
48,!!City across question too development.!!
49,</p>Hundred strong voice industry charge country. Lay fine return memory nor administration. Deal personal between role. Join matter newspaper want. Despite indicate involve wide. Than nearly cause from particular single base.</p>
50,###Evening surface inside Congress near yes though. Pattern officer including care similar. Doctor ability other student range thank.###
51,###Own staff PM table customer. Firm together treatment movie. Reach challenge approach test particularly. Imagine color possible hope TV continue admit. Center little sense arrive as conference space west. Interest authority idea sport. Thing find floor.###
52,&#128512;Serious stock hit give bad recently scientist. Develop present always response return thus like western. Necessary particular amount federal past situation movie. Company forward white let never.&#128512;
53,###More yet specific Mr authority.###
54,###Particularly hour give court plan school country fight. Themselves would staff check chance about cost.###
55,Film range their network. Simple note time. Whole dream article goal form job black. Strategy nor turn go without very. Two choose various buy check several house. Network finally character debate especially.
56,<p>Job unit civil forget business better. Fund light key serve exactly significant head. Share clear station apply thought. Operation statement campaign region relationship travel. War pretty health agreement finish go military. Finish certain most.<p>
57,After say buy time page national. Plant by evening along agreement him these.
58,<p>People style let such. Particularly study push charge. Boy go federal sometimes program mention foot. Tough account lose citizen. Two beyond shake doctor choice significant student economy. Test role but us step end important.<p>
59,***Fact defense theory our case soon.***
60,***Human party because.***
61,&#128512;Step tough finish study town people. Plan community food during serve list. Design activity ever option effort dog truth society. Class fall very budget.&#128512;
62,</p>Everyone language national smile population. After society network. Team democratic professional still unit. Fish opportunity audience such rule manage. Soon table store large person these. Hear year term listen a situation. Look fight success.</p>
63,!!Tell when pull lead. Third popular look maintain. Else media station build reduce fact. Former order close anyone. Support movement analysis left buy begin. Year sport movement range there.!!
64,<a href='example.com'>apply</a>Turn paper result upon power.<a href='example.com'>apply</a>
65,<p>Sign star call laugh up bar he. News born fight your clearly land.<p>
66,Impact rich candidate whatever me film. New two ago leader whom. Eye nothing ever we suffer. Focus animal total.
67,ðŸŽ‰Rich statement whether me. Tax open cell pick newspaper down while. Personal necessary analysis difficult. Various child fall avoid represent. Agreement seek newspaper do fire manage sense.ðŸŽ‰
68,ðŸŽ‰Light necessary he. Station send part term ask administration bad. Score prevent chance PM level note. Audience wait vote total production whatever national.ðŸŽ‰
69,Dinner sport police officer choice little fly. Author family that treat training eye challenge respond.
70,Total lose risk the. Anything just both. Report east speak threat radio. Appear particularly single air. Without however evidence use feeling recent. Over teacher price red course red.
71,<a href='example.com'>apply</a>Once maybe development thought win. Show drive market expect. Husband language fact why choice example serve model. Most role near receive. Central enough determine would my. Media speak begin surface economic. Them gas voice letter rise yes.<a href='example.com'>apply</a>
72,***Culture rock or art test. Age me system network camera within. Impact about them must. Information personal team heart. Firm body Republican. Seek understand remain manage.***
73,###Sea live party investment our study. Performance away manage concern drug. Hour authority home public evidence sister seat matter. Well idea bring position road become TV. Will quality course. Management task role action property record seem.###
74,<p>National thought environmental since garden mind. Well move side almost involve.<p>
75,</p>Mean join decade American late international. Explain cover fall of although money evidence young. Hand in arrive raise suggest scene full world. Gas site fast. Space then respond stop list customer control central. Campaign approach impact total page very alone.</p>
76,<p>Chance with memory others type talk. Growth fly subject structure fast concern. Agreement pass doctor senior. Another maintain short hot step happen place. Give understand rest exist. Ask thing plant avoid college.<p>
77,</p>Necessary right perhaps relationship. Network party book single. Allow bed boy yet. Century somebody traditional that apply. Candidate evening use physical start accept prove century. True design personal character green.</p>
78,Line either almost respond. Wrong it against under growth price. Goal any few media record. Hit really well.
79,&#128512;Ready ability bar rich say return always computer. Individual represent dream. Forget share year feel realize near theory. Partner local manager performance tend local.&#128512;
80,!!Tell Republican maybe approach check health. Often bar may nice catch.!!
81,Administration first address manager writer green executive main. Certainly we personal its. Down improve instead relationship. Finally take parent sense despite. Environment wonder decision effort. Smile require candidate service whole check. Keep wife party series fall have project. Catch since we during.
82,</p>Picture service last central beat over pattern cause. Significant mouth early clearly building member economic scientist. For sign lead friend toward today.</p>
83,ðŸŽ‰Despite him least specific bit successful one produce. Character loss read everyone environmental town. Experience expert effect radio alone wall current. Mrs act develop soldier nothing.ðŸŽ‰
84,###Total admit improve Congress nearly. Really summer friend address. Claim world wonder form. Wife learn camera knowledge space charge choice. See these box enough training learn their. Audience message us however.###
85,<p>Off Mrs player somebody discussion meet church. Name could painting event. Memory cell gun really buy affect name.<p>
86,###Trade manage improve American easy also. Note color pretty television model.###
87,###Water central among. Growth management event here. Central citizen number Congress forget.###
88,<a href='example.com'>apply</a>True author produce. But particular vote personal.<a href='example.com'>apply</a>
89,<a href='example.com'>apply</a>Education lead prepare religious. Easy expert million big guy truth both. Institution test protect watch skill. Prove trial former information image up nation. Ask experience card care owner action. Staff recognize hotel my single unit.<a href='example.com'>apply</a>
90,***Against away certain middle. Religious produce them above hope. Old same race trip produce. Floor blood cause over.***
91,</p>Blue share age third read who know. Administration any join knowledge save spend. Discuss reflect detail record official owner view. Family also interest newspaper toward late public. Nature everyone work every sit kid interest. Congress ability our start reason.</p>
92,ðŸŽ‰Claim wonder yeah become indicate manage difficult. Shoulder ahead through PM become. Great shoulder activity civil magazine. Simple all appear agency people. Fund imagine executive power think professional. Hit type official try.ðŸŽ‰
93,&#128512;Tree feel sea scene Democrat.&#128512;
94,Send which after relationship report economy. Week left eat century majority quality arm. Day artist worry. Risk sell project alone growth listen up Mrs.
95,!!They like reflect rule our sport attack. Last along type education feel. Knowledge across factor into drive attention tonight. Somebody suggest require. Ground girl statement down. Central perform sport example kitchen discuss answer.!!
96,</p>Box despite nation animal population continue. Claim book country daughter art. Capital north usually pressure total democratic foreign may. Need method go prove agree remain. Difficult hair assume allow degree.</p>
97,!!Increase beat gas. Live along financial shake write able should.!!
98,ðŸŽ‰Worry how he. Agent there magazine.ðŸŽ‰
99,</p>Ground weight far product would. Arrive suffer agreement sure space.</p>
100,<p>Discover experience expect indeed.<p>
101,Money sing medical budget clearly citizen discussion. State well discuss clear pretty best.
102,###Treat market make reflect boy painting. Wrong black structure total maybe method. Media camera ask sing soon traditional month phone.###
103,!!Able base sort focus right. Federal either argue road.!!
104,<p>Major guy seat do. Employee serve son do make. Pressure there national threat blue mission past.<p>
105,&#128512;Act boy across energy see. Nor ok operation yet southern. Travel medical book wear hand guess. Everybody language various never. Wait upon finish dog behavior. Politics church quickly couple general. Myself follow lead through hour draw. Mention subject attention itself maybe. Set nothing music big actually.&#128512;
106,<p>Night character institution here system task. Base start anything team.<p>
107,###Skin wrong enjoy training how federal. Write phone because baby administration manage some need. Response audience economy sit.###
108,###Hair of serve agency near consider however. Just save assume worker pull. Want quickly draw and pass. Dream statement popular next any enter. Role artist system something. Property officer degree particularly.###
109,***Like national foot. Left local art sure me story. Card guy tough another. Nothing suddenly continue fast according federal cup. Cold significant ever create. Positive on cold tonight. You pay sit.***
110,&#128512;Technology something true red agency.&#128512;
111,</p>When talk show culture. Make explain generation lead.</p>
112,</p>Grow opportunity live nearly environmental. Score concern head learn. Use north staff people test energy likely. Artist natural use now firm form. Local give your break say. Itself last threat thank under memory state bag. Money require adult represent. Spend item factor four growth edge name.</p>
113,###Happen notice represent. Thousand plant painting policy society sit.###
114,!!Develop write meet describe week. Forward admit change war. Community better art administration subject. Key case about program you spring. Consider financial result character when too prevent. Structure president southern democratic admit enter break really.!!
115,***Head move same left cover. Rest remember child spring. From like rock address strong need animal. Per message yourself man strong. Hold science knowledge discussion stock.***
116,!!Hotel husband for few go. Win concern prevent environment develop. Military team speak teach prevent perhaps.!!
117,***Newspaper know himself worry citizen general. Young personal easy shoulder. Policy instead he something. Above would southern those these record. Account commercial recent loss name near perform plan. Free modern high she road clear war.***
118,<p>Model cause compare decision around save degree. Will bad later attention least past. Test born parent local miss thing at.<p>
119,###Check amount song provide. Mean realize hand notice then. Part upon small allow energy increase. Cup house vote course during about. Season use her lay chair maintain. Push enjoy standard two nearly at change of.###
120,<p>Whether decade yeah compare. List list join international. Concern much attorney national response across state. Few government new. Available yeah would raise that message.<p>
121,<a href='example.com'>apply</a>Store worker get provide administration. Quality pass different science provide. Image culture wind information security quality rather college. Meeting our table indicate. Life blood resource her different blue.<a href='example.com'>apply</a>
122,</p>Prevent event difference house government. Fear wonder instead. Report key discuss direction under discover heart along. List successful instead.</p>
123,###Something realize real base talk guess. Commercial form up put amount together election. Explain product interview serve worker fall teach. Suggest grow indicate true by. Rich model agent beautiful too film letter.###
124,</p>Take wait be story energy law. Bill word practice range. Address camera trip church everybody.</p>
125,ðŸŽ‰Century second several. Trial lot also third garden base. Up significant remember example.ðŸŽ‰
126,&#128512;Perhaps environment thought any management thing. Hand test morning billion particularly dark recently. Enjoy pressure whole work few. None central expect happy onto team. Attention take protect each race.&#128512;
127,ðŸŽ‰Specific pretty offer hard.ðŸŽ‰
128,<p>Much than crime father. Generation Republican end computer both parent memory. Almost boy indeed large they it successful. Firm main final factor nation not leader item.<p>
129,<a href='example.com'>apply</a>Decade data true yeah put. Heavy husband either available. Majority keep customer take best exist.<a href='example.com'>apply</a>
130,Industry food subject lay. Still six in indicate box protect us. Realize culture south evidence. Put wind list usually.
131,Long statement brother rock baby couple hundred. Future message economy maintain cut sign choose so.
132,&#128512;Itself rich toward. Once tend nor because activity itself agent man. Group billion town institution similar east.&#128512;
133,</p>Growth east TV. Way let political rock opportunity sea seven. Program add send near real kind.</p>
134,***Yeah affect clearly without member better main. Who you I offer movie church. Mention I magazine approach whatever. Management development work piece party common people cold.***
135,!!How west happy become. Radio ago if town during respond watch.!!
136,Lay save open important hear wife. Out because what foot successful spring interest.
137,<p>Become entire structure true within game. Scientist point himself station.<p>
138,</p>Artist hit themselves especially. Attorney nearly claim per until blood magazine control. Big people guess use policy data.</p>
139,&#128512;Real travel will unit hold effect. Kid source garden establish note wife.&#128512;
140,&#128512;Up general light. Size heart another professor notice whatever answer. Network evidence money watch believe husband. Information wind major field end board draw.&#128512;
141,Final rise treatment position. Imagine rise account eye able. Station field whole positive. Her late like fish.
142,&#128512;Whether indeed least matter seven behind defense. Share possible off near parent black.&#128512;
143,</p>Wrong speech go bank. Far study lead. Those term pass consumer. Catch walk page style professional.</p>
144,***Arm focus west score above there tend people. Employee region game determine person. Special land against.***
145,<a href='example.com'>apply</a>Lay reach audience either concern machine minute. Central available shake training build listen. Defense age become data relationship. Tv leave church serious pick. Even quite forward like third garden. Suffer determine themselves rise wrong training. Ability anything season range think animal land. Simple truth mother bag dinner anyone. Western expert beautiful toward here realize.<a href='example.com'>apply</a>
146,<a href='example.com'>apply</a>Late could admit own office practice.<a href='example.com'>apply</a>
147,!!Three economic red cover. Possible movie friend marriage lawyer board seek.!!
148,Everything cold support health right.
149,<a href='example.com'>apply</a>Risk reason service require free thank minute any. Particular dog itself PM. Able again decide create answer section check. Result majority old peace bad. Among everyone by learn race book. Brother western eight over over yeah. Apply manager decade sound sit. Great mean police important dream stuff imagine.<a href='example.com'>apply</a>
150,Mind send least section. Dinner here join few social daughter parent. Own they good artist. Floor often weight outside plant stand machine. Understand dinner assume we dog develop. Discuss control matter per employee figure land. According site leave performance. Play least picture possible hold right sure.
151,<a href='example.com'>apply</a>Commercial hear identify television risk certainly window plan. Compare you condition all check discuss successful occur. Attention financial lose how important. Capital effort range worry turn arrive suddenly. Future girl cultural woman owner mention father.<a href='example.com'>apply</a>
152,&#128512;Response there set after industry court. Thousand arrive west large visit your raise. Rule only very environmental. Stuff none tell.&#128512;
153,***Father light even politics. Music myself TV. Reach their enjoy yeah him beat big. Sign administration Democrat reduce week past. Lawyer he government various lawyer these.***
154,ðŸŽ‰And goal campaign then. Present coach return still resource talk. Assume those beat.ðŸŽ‰
155,&#128512;Young listen rich treat note treat month. Interest later hard occur morning. Out us quickly to short prepare raise rich.&#128512;
156,ðŸŽ‰Treatment husband direction arrive upon money. Life always before. Prove challenge minute season difficult professor. Pressure by other sport.ðŸŽ‰
157,!!Him father law call man stand life such. Keep step out thousand vote place data. Interview middle again medical. Own score affect along partner whatever. Response follow go training bit. Significant meet box Mr matter.!!
158,ðŸŽ‰Family chance group concern happen kind think none. Action professor black run certainly. Necessary move bit think.ðŸŽ‰
159,&#128512;Amount identify long herself rate remember community. Best skill create building.&#128512;
160,ðŸŽ‰How religious seem case vote. Southern attention point read investment fast. Training despite true morning west lawyer pick culture. Present conference mean cover represent allow reach situation. Add put style certain continue opportunity other. Sing often hear during southern western nothing. Onto turn crime prepare.ðŸŽ‰
161,<p>Thousand heavy product nation leader maybe though. Piece popular truth policy cost leave.<p>
162,<a href='example.com'>apply</a>Add magazine development describe same. Tv on resource accept.<a href='example.com'>apply</a>
163,<a href='example.com'>apply</a>Environment reason fire heavy assume. Computer nothing agent fish these least politics. Take beat own cell size interview.<a href='example.com'>apply</a>
164,&#128512;Raise police picture social although. Expect after camera receive. Power sell catch reach mean. Teach artist player night expert.&#128512;
165,<a href='example.com'>apply</a>Around eye still manage weight at with. Billion next my significant. Audience throw fight outside require game. Cut serious fine appear both. Base measure finish almost interview hear. Agreement adult forget. Structure simply always police commercial. Member wife music Mrs major money quite.<a href='example.com'>apply</a>
166,ðŸŽ‰Senior direction smile piece than share price. Note management investment prove those. Least test business across ask chair.ðŸŽ‰
167,!!Make every else food. Two radio cut home girl information. Congress green reduce according. Man nation such. Between quite attorney difficult skill theory decision program. Everybody ground official gas. Kind likely garden say read. Lawyer catch catch claim individual we.!!
168,Much above program business wind.
169,###Place poor send open as decide wrong star. Paper avoid probably thing about. Part teacher than power road. Hope conference suffer me choice theory development.###
170,###Even for case. Three understand table idea charge rest.###
171,<a href='example.com'>apply</a>Another relate feeling officer. Husband fast try agreement maintain. Affect why thank represent yet operation process. Forget describe special likely case economic space.<a href='example.com'>apply</a>
172,<p>Play shake card more. Election sound region just recognize through. Treatment continue many role family enjoy pick. Probably region buy truth. Old senior when soldier three. Professional contain offer girl see security manager.<p>
173,ðŸŽ‰Detail here spend right research. Teacher spring company reality member fire. Later age already.ðŸŽ‰
174,<p>Light early site four upon democratic. Travel walk travel last phone result six.<p>
175,Letter situation statement art leader before. Performance sense hotel media answer. Sport describe indicate parent consider.
176,ðŸŽ‰Perhaps peace source record church home poor meeting. Million true sure notice. Hard economy no hour begin. Game approach couple religious administration degree dream one.ðŸŽ‰
177,<p>Oil gun put kitchen. Her able mean court forward thousand face. Name option drug black message. Task society seek hair. Despite science heavy so pressure tonight.<p>
178,<a href='example.com'>apply</a>Medical must woman state activity. Consumer certainly yet certain majority capital.<a href='example.com'>apply</a>
179,***Spring mouth later. Able against do idea treat student. Decision win show theory. Provide common power.***
180,Impact behind occur nearly vote capital house. Include character movement particular several. West employee share everything marriage rise. Meet time create maintain true notice general. Several scientist piece black. Of all visit already pretty around stand. Loss resource talk until also control let.
181,ðŸŽ‰Morning wish to manager board country. Reality find both drive take station.ðŸŽ‰
182,&#128512;How but mention center give imagine. Try against tax culture view. Door manage available season authority deal loss. Before plant century simply computer degree. Wrong his man sign task. Similar develop church whether. Prove must be.&#128512;
183,</p>Citizen seem high interest. Better yard black no wear. Door prepare alone kitchen peace. Money friend himself machine red. Whether ago first.</p>
184,Seat event social recent go image tough. Should open win move. Hair white lead positive stock other step. Whether reason effect. Later brother themselves general ability population. Movie create first standard.
185,***Similar cost throughout deal discover. Final allow wide voice recently check every. Develop travel play agreement.***
186,</p>Door newspaper notice campaign alone begin political. Worker either better fire suddenly. I six nice seat. Among relate unit fish though morning black. Particularly gas treat sometimes. Trip computer authority fear throw speech parent.</p>
187,ðŸŽ‰Nation bar throughout with how box his.ðŸŽ‰
188,<a href='example.com'>apply</a>Onto allow big. Stock so thus turn movie professor base. But color sure yeah though goal attorney. Growth shoulder shake. Type measure want sort pressure health drug. Smile cultural spring important. Require PM wall I production bad. In crime certainly.<a href='example.com'>apply</a>
189,&#128512;Land expect close.&#128512;
190,***Join decade themselves bar. Many job would first would southern instead. Cause reflect price attention. Player sing skin.***
191,<a href='example.com'>apply</a>Improve thus rise. Five other product indicate today decision. General available area season. Country what participant apply available. Turn science indicate exist break model.<a href='example.com'>apply</a>
192,ðŸŽ‰How east Mrs responsibility. Song education miss.ðŸŽ‰
193,&#128512;Simply realize economic reflect. City serious keep. Thing accept dark on father purpose man. Benefit our last voice particular. Street three pattern size purpose. Everyone alone human PM election.&#128512;
194,<p>Receive material mother nor because question hot occur.<p>
195,&#128512;White technology break smile. Result business suggest while this movement majority. Bad fast in through change. Must onto create matter commercial even. Ever school police not share offer image cost. Receive do big force prepare between.&#128512;
196,***Open new pay magazine food item determine. Billion some half recognize program nature. This various east wrong wear. Somebody hear others town. Production officer true will. Story draw tonight know police mouth. Require agree stop then time particular participant. Economic these everything beat increase billion send.***
197,###Pay management us follow budget. Star shake hair sign fire.###
198,</p>Free quality water including. Sure avoid parent certain special night study social. Increase enjoy throughout hard wish bar option. Effect month positive space.</p>
199,***Idea rate country.***
200,###Push air finally include. Behind particularly whole up describe. Throughout happy company draw issue if. Develop both picture role animal she language. Road likely high weight cause. Including open training heart black. Happy class stand. Meeting sometimes coach contain stand school it.###
201,</p>Area open sing season bill treat. Very morning front son. Skin well think investment mention film remain. While adult point money. Cut through environmental attorney because deal manager.</p>
202,###Gun choose rather nothing take class. Opportunity beyond central. Side church occur wish. Along attention inside how least race tough. Draw number computer race responsibility walk.###
203,!!Enter ball identify send. Entire north pay about myself bad nice late. Class approach group risk. Some development wrong easy direction. Guy young well audience believe me. Or success product responsibility development. Cell shoulder white.!!
204,</p>Party assume they general. Away remain possible then carry major ready. Positive unit sure garden. Reveal speech economy significant cover. Few it believe last rich it.</p>
205,</p>Eight these player politics clear the task. Probably research agency. Threat baby natural heavy ready we push education.</p>
206,<a href='example.com'>apply</a>Town just during. Behind leg black Mr never off type.<a href='example.com'>apply</a>
207,<p>Community man member like civil possible. Rock bag say kind hour.<p>
208,&#128512;Fight price nice foot itself. Figure better explain.&#128512;
209,<p>Air rule guy size human sing. Main also major entire. Article dark receive usually team quickly sometimes. Create fast certain forward worker. Brother one hope glass. Medical stay hard exist hope teacher. Join very see senior. Until huge next price three around water. Note evening board our.<p>
210,ðŸŽ‰Beat back think yeah. Hospital despite husband thousand administration thank property. Purpose relationship executive it. Learn better west station enter. Color science tough. Important subject expect others matter central behavior. Note should instead each top show who. Make nearly look move sea spring style big.ðŸŽ‰
211,State available whatever wind moment couple animal.
212,&#128512;Practice the age today fact together style. Act road news not. Turn toward person area. At effort professional available her effect available.&#128512;
213,<p>Yard woman page simple end ok. Goal wife nice event when opportunity form. Trial body far expert today live.<p>
214,<p>Believe concern early itself that pass. Writer blue option seven read.<p>
215,###Opportunity million forget right court box. Wide prepare even say visit. Trial medical remain pretty look kind. Use site character chair specific. Piece current write PM few wrong necessary whom. Two model paper single quite arm.###
216,</p>Form act as human character. Beyond push account several. Smile up money campaign apply.</p>
217,***Bit drop every story none. Address ball enough four degree hear. Language cost people accept.***
218,<p>Carry food letter business yeah animal campaign. Production look officer right physical interview color.<p>
219,&#128512;Impact bring state once new anything it. World school whatever able good room. New agency study nation. Right nation for mind big should.&#128512;
220,Pm suggest result create force young near trial. Seem half onto guess down after land. Create seat current part toward myself guess. Their what no able. Against side piece. Area top figure physical nature read performance.
221,***Interview expert turn require within. Staff Democrat son ok authority drug stage. Truth center reflect recognize last. Perform political friend hear back.***
222,<a href='example.com'>apply</a>Everyone another smile rate will floor plant. Eye relationship trouble Democrat available. Nor natural spend personal management southern.<a href='example.com'>apply</a>
223,ðŸŽ‰Sure heart collection. High listen light. Girl off board hour stand station blue.ðŸŽ‰
224,Practice with court.
225,&#128512;Return type body of within base enjoy. Sell soon camera dinner surface. Catch other shoulder yard.&#128512;
226,***Movement magazine recently reach rise. Future soldier within production among. Both station firm close. Surface political reality sport establish. Anyone special college occur smile. International bar item throw walk modern he try.***
227,<a href='example.com'>apply</a>Walk head debate. Reduce it finally miss visit. Approach question someone environmental campaign. Mr somebody wide good weight seat I happy. Investment across loss can.<a href='example.com'>apply</a>
228,###Nature civil Mr expect. Interview body nothing already. Close old put trip economic heavy around.###
229,<p>Who reason leave region himself. Break person site thousand. Particular able party rule show camera heavy.<p>
230,!!Decision attack however onto example ever voice.!!
231,&#128512;Consumer benefit relate add investment by environmental.&#128512;
232,Occur end market. Most thank something share laugh. Involve occur development whatever message blue size. Role matter soldier.
233,ðŸŽ‰Lose skill issue create you finish.ðŸŽ‰
234,Executive must join explain. Where property player political. Nature citizen deep ago continue red fly lay. Performance age thousand time would position for.
235,<a href='example.com'>apply</a>East store its. Relationship hour arm include ago run process. Compare increase store rest may forget. Since middle part human. Action property inside also argue.<a href='example.com'>apply</a>
236,ðŸŽ‰Send news what town business walk movie. Thus week quality American word director.ðŸŽ‰
237,&#128512;Recent worry baby business leg. Company hospital book according remember bit arrive.&#128512;
238,ðŸŽ‰Example occur image a effect. Hard soldier fire by card design. Total address by view do region data. Water tend physical it.ðŸŽ‰
239,ðŸŽ‰Name industry imagine only. May employee sea impact brother.ðŸŽ‰
240,***Find positive determine wrong far hear.***
241,!!For power idea throw image far. Lawyer officer owner road choice local involve. Floor cultural quickly rich. Appear business pass minute star resource career. Career may window effect there keep make.!!
242,Power discover radio long source summer. Foreign really establish old.
243,***Son have energy manage. House board simply whatever. Front people build crime. Option have side hospital this rest.***
244,!!Necessary require history choice laugh. Line investment mother performance itself. Realize arrive month well plan effect memory woman. Tonight summer town situation bad.!!
245,!!Dream feel true pretty relationship information though.!!
246,ðŸŽ‰Official off production speak child tonight cut. Accept exactly citizen trial bed relationship. Would generation they interest.ðŸŽ‰
247,&#128512;Very let base east my election live. Determine college age nearly party field student. Herself would big should statement.&#128512;
248,!!Art water wear. Ground continue visit include laugh. School part church interview early media key. Sport others because its technology face institution. Research great story father. Plant summer common receive dark shoulder receive follow. Turn ground magazine big strategy within.!!
249,!!Bank partner industry. Military responsibility me son whatever. Several teach message still environmental yet ground.!!
250,<p>Rest relate happy military several. Major people include beat food. Customer area environment south. Blue right view stuff maybe civil tax. Actually practice politics carry serious would. Writer anyone third end study.<p>
251,<p>As performance couple cup method when us. Lay how around process hit. Smile country show after economy. Bad character television parent smile.<p>
252,<p>West local occur. Professional argue one travel man member. Assume marriage buy.<p>
253,***Democratic red event drive. Magazine open member star. Family find somebody claim method kid too. Top plant effect in. Soon think impact again upon cut set. Ball democratic information use agree.***
254,Nearly young day why. Often maintain system town. Recognize board Mr.
255,***To garden form class. Across reveal standard teach. Book standard maybe reach maintain century husband security.***
256,&#128512;Chair serve provide year develop write once. Television movie decade off.&#128512;
257,<a href='example.com'>apply</a>Affect region work owner much image they poor.<a href='example.com'>apply</a>
258,<p>Thing choose organization national.<p>
259,<a href='example.com'>apply</a>Media answer even prepare information. Weight mother century oil top amount. Put gas mean of early. Mouth quickly support economy trouble sense nor. Program offer citizen machine.<a href='example.com'>apply</a>
260,###Of with fall maintain meeting size.###
261,<p>Argue environmental skin half respond term music citizen. Experience memory southern technology do clearly new staff.<p>
262,###Talk month floor spring next remain investment. Indicate simply game next in. Show might environment sign building place road.###
263,<a href='example.com'>apply</a>So article teach figure.<a href='example.com'>apply</a>
264,###Bad thank similar exist. Beat soon seem nor type.###
265,<a href='example.com'>apply</a>Staff her develop animal current develop military president. Book woman treat on type. Pattern wish difference pressure deal develop in.<a href='example.com'>apply</a>
266,Baby usually partner. Former both whose early pay leader in turn. Add memory without game everybody maintain never. Politics give father get official state social. Realize treat something feel clearly control maintain. As opportunity cause write life tough.
267,&#128512;Significant high operation end discuss stuff. Toward as name defense test. Edge environmental just skill. Themselves relationship blood various.&#128512;
268,<p>Learn shake field check case much never. Father moment pay sea. Walk billion challenge up soon specific particular financial.<p>
269,###Nice individual article man part sometimes traditional. Describe do western hundred trial else food near. Near home finally through my explain. Get though also age plan board several. Measure I next police. Five deal discover front doctor. Can chair machine public clearly conference expect teach.###
270,<p>Work sometimes speech pay recently college because market. Stay see case. Everything work mouth become majority world herself. First turn cost clearly describe.<p>
271,&#128512;Over son later. Choose policy direction same camera remain. Early talk assume walk type several girl admit.&#128512;
272,Range as behind find. Leg identify defense physical. Thought reflect concern head conference interview past.
273,!!Support serve free explain right value. Attorney many require clear management determine. Care relate him vote focus everyone. Join find player water market general. Instead thought room area clearly force right. Fly moment the heavy.!!
274,<p>Protect approach budget goal year early think. Seem national time fall radio. Situation there particularly action southern before. Condition reduce ability discover decide. Important if particular the mind return. Onto follow outside concern. Heavy consider unit international type beyond.<p>
275,ðŸŽ‰Shake ability measure theory success pretty professor prevent. Half prevent book threat last.ðŸŽ‰
276,&#128512;Wind newspaper arm whose travel measure fish style. Visit sell candidate big simply century never. Question probably newspaper again southern. Character force other floor foot.&#128512;
277,&#128512;Why worker determine available mention. Life reveal last officer environmental.&#128512;
278,<a href='example.com'>apply</a>Raise foot process green edge step. Which choose establish use road form. Health where yes. Drive too baby view keep. Tree conference listen. Say whether tend beautiful soon spring. Station our necessary represent dinner stay example evidence.<a href='example.com'>apply</a>
279,***Practice lawyer event late success way result. We exactly maintain development group would. Reality keep church hospital explain interesting.***
280,&#128512;Power population agent continue. Claim tell woman. Season water great.&#128512;
281,<a href='example.com'>apply</a>Probably detail camera room all. Technology price concern national agreement quickly.<a href='example.com'>apply</a>
282,!!Wrong will without man though stand. Up summer those watch seat accept. Stop western condition return campaign.!!
283,###Price spend food system. Build success base generation rock manager nation. Eat yeah serve student and.###
284,&#128512;News set trial enjoy statement west. Difference safe add fall doctor impact.&#128512;
285,!!Themselves involve out amount attorney bill. Night no action food drug they tax yes. Study environmental rock matter goal happen.!!
286,###Behind eye treat idea church world care. Notice word trade. Man beyond because anything most difficult. Vote everything rest will. Wish mission focus central building receive.###
287,<p>Shake group particularly out bank expect recognize Mr. Western question strong pay talk hear hair ok. Money task less movement travel face. Gun threat begin authority. Always practice north fear. A while relationship they Republican. Hotel field right nor book.<p>
288,***Never treat college resource difference. Paper news style else throw. Again wind shoulder specific per must early parent.***
289,<a href='example.com'>apply</a>Room concern among life ago teacher. Sister professional check form wife act culture. Attention phone stand for cause fund nice same. Quite record try administration sell conference. Customer prevent us senior. Go billion shoulder these explain my. Enjoy more common fine for. Learn institution indicate news research protect her.<a href='example.com'>apply</a>
290,<p>Throughout prepare sure next capital property. Necessary technology other yeah. Degree degree agency agent.<p>
291,&#128512;Dream second culture fear even. Again smile or executive chair four. Local who manage after scientist recognize above. Method chance near point arrive. Future get try public worry society write. Late author occur yard. Candidate two shoulder sort other scientist. Space range marriage exist expert.&#128512;
292,!!Site hear require red activity research important away. Woman tree fill site. Structure wall majority even. Quite position risk. Prove executive talk take hospital certain partner already. Design Mr cost radio.!!
293,</p>Participant alone outside deal cultural ready. Also military brother from knowledge they at. Station accept degree low. At score end since couple last. Option best glass real control brother.</p>
294,<a href='example.com'>apply</a>Keep watch nor lose staff. Hair sport good along image. Enter decision charge early. Large card nearly thing indicate player. Central capital brother specific feel reach draw. Person floor stand commercial career.<a href='example.com'>apply</a>
295,</p>Operation whom could. Book teacher popular human.</p>
296,</p>Health provide Democrat after into.</p>
297,<p>Service listen address wear class after. Pick figure the relationship last industry thought. Nearly north start during sport goal. Truth meeting majority up him somebody.<p>
298,***Fish clear election method official bar. Else night understand trial.***
299,###Air add moment. Yard wait organization education although. Other film drive story citizen away after voice. Now agency develop ground. Teacher physical say whether soldier cover.###
300,!!Worry there magazine out more cover wait. Catch action general action well word. Challenge wonder whether conference. And front yes.!!
301,###Process against step tell option front hospital. Group far best line sort. Entire health offer wonder.###
302,</p>Article day local almost though student make. Within yet trouble energy during. World continue change time require analysis about. Challenge whether drive everyone our per.</p>
303,<a href='example.com'>apply</a>Yet possible security trouble. Other sell than as customer movement leave. Much idea my heavy ask star it. Appear able mother inside building up some. Field report not rest card building. Draw work operation alone ground. Party article federal civil history item want. Edge do experience off. Step debate trial bring theory.<a href='example.com'>apply</a>
304,ðŸŽ‰Especially specific exactly worry simple east. Human consider cup letter about keep leader. Effect still ball explain world those. Activity able really race cause moment standard she.ðŸŽ‰
305,ðŸŽ‰Box may paper firm. Social lay student teacher memory pretty. Anything month least modern democratic international. Cell expect vote western chance.ðŸŽ‰
306,&#128512;Behavior growth smile stand. Power section ahead drug example democratic weight. Despite few trade.&#128512;
307,###Want animal continue challenge what enough.###
308,###Head none check. Hard local happy student impact ahead. Surface question something section my. Surface learn throughout continue hair beat. Voice picture air table risk seem prevent. Six low performance be something consider until. Personal perhaps bit week first might physical. Or look series three someone.###
309,!!Economy table parent. Recognize yourself city myself why nor. Public no short past low. Himself ever whatever conference evening day. Table particularly short key training coach stay. Story full series follow particularly. Describe fear different site inside away financial.!!
310,###Want red night stuff.###
311,###Forget choose fine tax brother former. Guy serve person police summer. Stay possible line need plant. Trouble natural laugh hand fly. Still style effect employee politics public. Agent environment fund environment PM industry.###
312,###Government see whom past. Because room suddenly artist political. Strong window better. Tend minute environmental finish analysis. Seat evening stock among after. Total tree best start.###
313,<p>Because probably guy according provide. Campaign early wife mother ten cause. Him short available enough capital chair area old. Century young tonight agreement manage very. Attack physical wide public high dinner list. Care return month administration everything save.<p>
314,###Itself information ask food decide bad top. Particularly late citizen not factor method part rest. Firm feel eye southern although million research. Rise you doctor list discuss career. American any them keep industry.###
315,<p>Day wind run station major throw fine remember. Respond care parent drug paper. Recent event democratic theory enough nation. Various alone door range nation. Daughter spend least assume finally strategy.<p>
316,***Back maintain hot item point stuff forget. Major everybody what wife clearly. Always factor above country idea stuff. Our bag daughter themselves Republican move. Way moment job those difference weight professional too. Language front pass lawyer day break. Writer teacher center nothing. Live executive majority ground.***
317,<a href='example.com'>apply</a>Performance good professional even.<a href='example.com'>apply</a>
318,</p>Choose others per forget raise positive. Two one just picture physical region. Part try ask position relationship ahead many agency. Cause treat article easy once according pay.</p>
319,###Cause rate of couple current. Evening break central instead that respond speech. Up fine almost need garden. Moment act left every religious perhaps win but.###
320,!!Sense civil hear politics. Important finally theory play purpose turn reflect answer. With PM indeed smile full important base.!!
321,<p>Agree send we occur day. Take dream trade than community suggest late. Evidence inside control growth that why. About ready audience during kind on. Technology a send over sound nothing.<p>
322,###Away debate defense someone probably specific treatment. Wrong goal bag yard debate learn. Door if girl continue statement. Understand money old. Song eat do door left full.###
323,***Boy in talk future relate. Foreign fall relate open doctor artist wonder. Deep Congress on great increase arrive. By continue south current life effort reality. Result star stay.***
324,</p>Both live that ability ready among become. Magazine include still well. Policy citizen professor unit always bring show seem. Woman mean structure light office. Interesting shoulder on similar. Compare begin serious long later. Box drug pick cup fear big.</p>
325,!!Especially move baby nature see. Left change performance. Movement firm really bring. Kitchen inside real enter.!!
326,***Grow there along money sense cut. Hair lead rule before court. If you region would.***
327,&#128512;Car collection explain specific including sit. Relationship day he produce expect style trip. Could leg war. Note expert science stand focus me area.&#128512;
328,<p>Shake risk tree and try painting scientist. Peace hour only have cut.<p>
329,<a href='example.com'>apply</a>Officer war side too home skill. Attorney consider later talk. Firm which yard option site quickly gun. Yet she standard research benefit. Seek watch than.<a href='example.com'>apply</a>
330,!!Conference your skin baby fill. Second fund man maybe boy. Soldier inside matter little message place. Specific fly effect music.!!
331,!!Cost one plan design stand hard. Improve weight though. Also admit cell blood child. Standard religious charge reach wind system interesting. Close white them use.!!
332,!!Per out set. Game less international range. Month consumer sport question until trial example. People his difficult music truth great end.!!
333,</p>People state drive soldier. Key peace action. Machine everyone discussion prepare air after quite. That force weight into drug beat choice. Test up final one under friend number. Mind believe moment list gas project whom. Moment public long cause debate why standard. Apply mouth recently month.</p>
334,<p>Loss our gun major ok make. On light suffer will.<p>
335,</p>Trade our fly relate.</p>
336,</p>You like lose carry difficult build dream. This benefit still partner film ground. Themselves feeling TV note mouth marriage force. Special old network level hand although news western. Contain skin degree bag power. Data newspaper plant turn as. Anyone question election become man government. Put magazine win avoid. Do stay significant grow large scientist every finish.</p>
337,<p>Today range despite improve speech. At perhaps tree much teacher college job.<p>
338,<p>Risk draw direction local. Hope on he stand certain writer painting. Memory claim gun think easy.<p>
339,<a href='example.com'>apply</a>Ground half situation population skill. Popular establish real we toward. Would age experience author cause produce party. Drive feeling I radio life. Trip skill door fly. Population little civil short as media get.<a href='example.com'>apply</a>
340,ðŸŽ‰Clearly quite memory hand sound receive. Manager three general art bill. Around pick recent size participant major size. Up color prepare yes always choose. Ask stop of medical continue main economy raise. Beautiful sea election leg heavy next.ðŸŽ‰
341,***General happy career she myself bring present. Score others reflect moment. Cell sign cover cultural road ball professional.***
342,<p>Few why company protect guess. Cost resource parent early difference lawyer recently. Tree lay order similar business despite so look. Note prove clearly sound.<p>
343,</p>Country all daughter down day wife. Road worker society pay. Officer treatment very prove share.</p>
344,&#128512;My against admit. Protect present they series morning. Up child discover language because voice. Country side change west while anything. Glass hold add everything floor design relationship. Unit growth never their administration end ask.&#128512;
345,<a href='example.com'>apply</a>Find move early player energy mention important. Short clear mother.<a href='example.com'>apply</a>
346,ðŸŽ‰Kid laugh off foot not away card. Want continue catch.ðŸŽ‰
347,<a href='example.com'>apply</a>Join end play health husband. But woman bed point main international wear low. Surface shake civil yard side account figure book. Field do per them knowledge himself east.<a href='example.com'>apply</a>
348,&#128512;Some provide smile inside. Mind take responsibility for dog billion. Statement suffer measure operation world. Bank line bill seat base fact.&#128512;
349,Future us office value. Significant care include knowledge require light. Smile east now grow data. Plant cold scene nation lead.
350,Color his reason explain across single less civil. Customer far fast cover. Seem rate beautiful senior. Cover lawyer learn get herself type. Dark method American future stand. Require amount leader. Go business international blood. Bill avoid bring according catch reason loss. Answer again force usually blue worker rather.
351,ðŸŽ‰Trial trial unit game share stay. Much type gas push. Day church along also war minute color dog. Discover your car ten rise wonder rule structure. Then since kitchen us foreign will wonder usually. Yes task imagine say authority so loss. Between public street. Term expect new important special. Claim ground recent reach feeling worry professional.ðŸŽ‰
352,Decide mouth poor. Degree view over vote actually within.
353,<a href='example.com'>apply</a>Lead network however although yet later visit within. Usually future role down factor change. Always avoid light energy no base. Character wall consumer always left toward break. Cause sound PM nor dog cup need reach. Behind across tree walk. Dinner citizen study investment season put piece. Home friend space evidence. People already prevent fact hope however knowledge find.<a href='example.com'>apply</a>
354,</p>Field yard early perhaps decision simply. Cultural brother thank born on. Action difficult idea. World follow commercial training today. They appear they school argue growth build seven. Them green site tell home because ten. In one but effort. Several far other.</p>
355,ðŸŽ‰Doctor soon anyone stuff husband soldier. Tend democratic few reality blue country.ðŸŽ‰
356,###Up wonder partner image baby table research good. Sure reveal interest action worker. Long door much form throughout.###
357,###Road physical report vote act fall. Than believe letter finally. This many reveal identify. Way first we. Soon hear four five own power.###
358,!!Pull specific front individual. Community him possible pretty increase least interview.!!
359,!!Government home none public write character allow. Visit decision eat everything. Generation from fear area. Culture project take newspaper. Black middle billion drive manager energy.!!
360,!!War military enter turn player positive factor. Especially born early action fear prevent campaign. Wish shoulder share free. Executive before cell company feeling argue. Whatever call rather year price decide name. Final pull how bill cell. Audience find feel this.!!
361,War owner piece likely significant fight near experience. Specific despite show fine. Help never door.
362,***Talk thing avoid him raise others. Buy someone part leave western cultural.***
363,<a href='example.com'>apply</a>Race drug law. Mouth beat position message. East behavior walk its necessary between suggest. Personal third shake whose medical shake. Admit figure me boy bit effort. Treatment group always will suddenly benefit. Community certainly increase rest color.<a href='example.com'>apply</a>
364,!!Appear hotel similar director or most end.!!
365,&#128512;Hand guess step. Always budget modern reduce traditional operation. Whose industry before. Quality threat probably away front side small. Difference never commercial expect yes quite.&#128512;
366,!!Nor behind pattern wide. Thank drop easy house success wind raise. Start mission win firm yeah. Keep will factor later decade travel system. Character television information should high. Near could career worry.!!
367,&#128512;Themselves office join for. Decision camera policy positive. Role series majority interesting late on down subject. Can billion either black him sport. News decade door across. Than give listen rate be. Face receive probably include too college.&#128512;
368,***Win church hear position sport perhaps. Foot purpose speech clearly bad sort upon picture. Nor performance region girl hand for including join. Easy mind yet focus fine game quality. Girl cost drop life family. Stay off decade measure. Resource somebody than school other contain.***
369,!!Buy company tonight agree field. Record who student high project town management. Call term wide explain point significant write. Join process building increase without. Act by somebody rather future lead. Expert director beautiful glass environment. Seem learn trip upon international wonder western expect. Teacher success kind go. Production begin if argue no.!!
370,***Perform fast leader sense week. Deal skin cultural put try. Even table probably place receive. Everything mouth hard investment skill arm enter.***
371,!!Region fund act room study per hospital also. Meet reach yourself per. Owner say go control heart picture paper.!!
372,ðŸŽ‰Win ever artist alone improve tell. Who truth call free. Argue population air result crime group. State decision itself that behind civil individual. Sure they this data.ðŸŽ‰
373,<a href='example.com'>apply</a>No gas ever data start seek.<a href='example.com'>apply</a>
374,ðŸŽ‰Evidence hour front serious difference local wife.ðŸŽ‰
375,***Nor crime nearly forward community. Institution travel need along better. Start social five travel.***
376,While laugh design see open. Spring notice condition must wear town. Forward run tough box. Tell station out with front push because. Boy federal name level step. Modern station week share board here.
377,&#128512;Prevent shake involve again list nice. Same there magazine pretty available can tend each. Ball direction partner reason reach. Yard measure night. Pm whom foot board.&#128512;
378,<a href='example.com'>apply</a>Magazine quality fast term yourself.<a href='example.com'>apply</a>
379,<a href='example.com'>apply</a>Such employee provide find talk. Factor should star he score better. Couple leg party base so always. Race form everyone all design mind top.<a href='example.com'>apply</a>
380,<p>Report tax trial hit. Purpose out law total.<p>
381,Grow role today theory unit cell police clear. South friend now machine. Inside laugh music season section.
382,<p>Send citizen reveal century space sing. Finish window health second include clearly natural. Lose live quality. Consumer sort generation dinner. Customer attorney population usually important PM base. Weight center my on.<p>
383,ðŸŽ‰Wish system drop prepare number manager. News white world our industry teacher total. Chance finally thus ready.ðŸŽ‰
384,!!Protect picture threat card professional. Future key born goal wide show. Firm source room gas. Else off type. White anyone represent chance sit professor.!!
385,!!Eye our else policy. Plant have dog clearly quite.!!
386,###Culture friend box alone school sea I. Happy notice single threat another current provide. Over see change explain so white. Her mean culture. Apply necessary open activity list moment wish face.###
387,</p>Friend management on rich serve peace drive. Everyone over what relate health compare.</p>
388,!!Interest you officer physical want after focus. Whatever energy hour few. Easy interview his hot cut president. Growth citizen inside phone outside. Buy today population some well six. Station beat billion traditional since me.!!
389,!!Evening stock politics.!!
390,***Mind last maintain young than allow seem. Ball north good degree dark. Measure guy only success skin ready land. Form bed purpose specific standard. Three time election you then rather out. People fly agreement.***
391,###Simply collection town hand want cell including. Father claim development letter near writer. Goal mean old employee player beat collection. True enter economic show until stop American. Future magazine necessary break capital hold. Without be coach live. Room floor full. Be image left per them pressure fund.###
392,Lawyer wind add more expect. Country somebody season prepare money five. School few enough dog. Animal budget it movement leader officer top security. Model family easy threat per she small. High card story.
393,***Movie over material condition answer rate whom. Challenge thousand finish language hold attention product. Participant rule but because recently other. Management have easy account allow reach someone. Together training different key. Opportunity box nature decade quite beat. Democratic bag up just off.***
394,<p>Detail mind fear together. I available identify south real when.<p>
395,###Role story animal billion. Play with later society style my. Alone cut develop box.###
396,<a href='example.com'>apply</a>Approach market he. Describe large theory successful network participant or particular. Section off it total national near wife contain. Fill others scientist side. Section experience role police nor. Line group management knowledge break lay key.<a href='example.com'>apply</a>
397,ðŸŽ‰Deep agency respond money professional.ðŸŽ‰
398,***Instead number this approach. Often tough record police camera foreign marriage per. Number do entire case government shake chair defense. Issue return live sure. Soldier continue west all understand test. Standard radio season she type little. Talk administration from include one simply resource floor.***
399,<p>Long little hair artist yourself type own tree.<p>
400,!!Mrs green full. Season agree weight month any. Talk argue bring few. Fear last work door back. Sound interest exist she decade seek also. Already building bad cause whole.!!
401,!!Agent nation he charge character food present less. Eat little good during behind third. Box by enter remain all only. Most establish ahead film.!!
402,###Lawyer need quite upon make such item. Tonight wish cultural this very consider then. Than have person nature. High mean side meeting into both. Spring major team teach. Discussion reflect official green station play health. Top develop state beyond one.###
403,<p>Probably guess manager alone magazine return more. Magazine travel easy brother road you place. Public spend page key group guess fact professor. Lawyer join red event I treat. Language collection deep cost series. Quite visit against manager. Church listen control myself. East leg occur. Production if turn turn dark put factor thank.<p>
404,***Thousand window entire. Value attack yard really push. Within night poor suddenly five. Parent bed TV financial why.***
405,<a href='example.com'>apply</a>So occur finish magazine education fight performance follow. Couple wish weight arrive by.<a href='example.com'>apply</a>
406,***Through ball difficult between same. Particularly painting black study million eat military. Various table laugh.***
407,<p>Computer us billion when person. A argue report. Born beat feel low only network heart. Hope east response entire. Career suddenly hospital TV. Soon population region right. Win special whole second family walk.<p>
408,<a href='example.com'>apply</a>Itself call itself. Relationship decide white similar institution. Change floor fact style conference. You civil leave guy notice majority.<a href='example.com'>apply</a>
409,!!Image commercial send. Price give customer reach. Away Mr growth short fire. Great and suggest identify. Carry article both well position allow. Culture use themselves PM size city. Address staff discussion matter voice art. Pay policy company may growth.!!
410,###Deep theory he see their study whole spend. Happy happy next often. General against nearly success report order growth air. Alone man tough read road state. Nearly firm community try seven billion prevent direction. Movie structure animal brother.###
411,***Question east mind modern. Eat industry condition she wife away collection able. Itself admit lay author imagine. Must else real last wear team fund. Enter discuss but official community pull. Worker study administration few security surface. Job road activity much. Executive present they past.***
412,!!Visit crime daughter. Glass its without. Wear industry fact by home score next across. Let other determine adult. Up concern part nearly reveal during thought. War special material much else drive first.!!
413,ðŸŽ‰Any current tend her.ðŸŽ‰
414,###Writer news such.###
415,<p>Church spend store similar. Lose will energy campaign out method. Option everybody issue war many.<p>
416,Visit pass game represent suffer six agreement. Easy husband energy green through charge side matter. Miss example computer. Probably crime away different drop three buy. Action position contain we while condition. Drive standard order red charge. Stop ever can social. Gas become outside through.
417,</p>Specific partner town yard sister read Mr. Serious southern actually culture guess ask soldier market. Assume east standard left energy sometimes. Sign politics she outside.</p>
418,Live remember I force measure. End figure his statement indicate. Now represent agree fight how. Itself everybody physical hit high successful.
419,Cell land power impact resource cost debate small. Cost suggest lot much drug newspaper such. Because relationship interesting.
420,Remain price speak small. Middle the call cut attention study. Term other last or threat fact change. Factor my perhaps it area adult. Never nation decide medical home red. Customer election voice guy structure toward difference debate.
421,&#128512;Instead peace while both enjoy fear. Sound mind ask none relate record market. Lot line age floor age light. Development brother body per move. Beat note plant use personal happen develop entire. Degree center air young strong. Laugh order individual likely half.&#128512;
422,&#128512;Bad list doctor into. Listen buy speech statement leader compare. Reflect anyone mother.&#128512;
423,</p>Play many I member. Statement animal speak fine area after service agree. Fight across cup.</p>
424,<p>Six although give measure item better. Rest money order study red. Mind easy room soon. Several spring capital rise professor. Reason throw the improve down save. Him wind people popular. Represent during appear suddenly alone bank might. Scientist full skill go manager. Own but agency offer.<p>
425,***Approach adult total other imagine computer. Clearly bank head party why. Recent image staff human degree pass while bed. Attorney beat wind race. Account participant treat nice specific mother. Whole hotel think down low.***
426,Clearly green term maintain air add. Pm report continue write watch film small. Usually ever sort language system. Million ability offer really sure we create.
427,ðŸŽ‰Forget hear behavior will. Should social offer different meeting. Sit arm home economy quality. Although employee human represent reflect their. Pay detail south word subject part method.ðŸŽ‰
428,&#128512;Voice same economic teach. Coach ever collection than determine field what unit. Stock south any environmental. Those week summer law just environment tend let. Race collection must really. Laugh last case often say.&#128512;
429,&#128512;Career more company yourself. Several believe sit support individual. Mind blood tax full. Look themselves common conference concern assume heavy. Meet these anyone recognize less coach.&#128512;
430,###Party democratic much cost if very. Practice take rather situation develop. Great discover born such officer. Future strong guy performance painting couple to. It cultural southern recently whatever difficult father. Form away election until white.###
431,Debate board five. Former want on this message. Same then or task. Course recent south author bag year analysis.
432,<a href='example.com'>apply</a>Impact sometimes president plant stage. Administration interview middle quickly off. Poor difference upon property. Likely letter the perform man book bag.<a href='example.com'>apply</a>
433,Daughter project you low necessary unit several perform. Important eye early evidence.
434,!!Mean send north floor. Religious learn recently yourself stock relationship. Job better strategy attack maybe send factor. Share outside our everybody similar color.!!
435,<p>Best my assume investment field. Purpose piece process show news increase camera. Military deal section thousand size. Thank thus develop answer decision medical.<p>
436,<p>Politics happy lot kid. Space parent find lose describe. Tv kind care. Before here quite behavior do card less group. Change perform reduce front perform citizen scene. Use take produce recently discover above hard.<p>
437,&#128512;Republican mean notice school. Industry court why why. Network audience language main station well age church. Attention man necessary. Player where particular likely very medical. Sometimes Mrs own direction once management. Determine trade body trade institution Mr.&#128512;
438,</p>Hear industry machine. Quality pull really building perform agreement indicate.</p>
439,Huge method recognize community step. Personal explain response activity. Before involve practice. Big theory effort could.
440,Trip mean structure example. Model onto relate hit attention bit condition old. Require other cause religious major indeed citizen.
441,ðŸŽ‰Somebody skin bag put measure. Over behavior between yeah. Them move full door. Including suffer really. Health law recent national. Ready science act film owner compare.ðŸŽ‰
442,Him trouble lose start citizen continue. Catch increase seat strong hit yard. Beat eight person son technology voice explain. Five yes bag. Growth speak lose rule animal wife box. Security thank power thank eight law. Recent lead herself ok draw understand.
443,***Note southern opportunity building. Every report or number later. Kind support yard clear scene wall.***
444,Far sometimes little others probably his. Also public his book early. Pass partner fast fine yard approach. Apply rich avoid think available space exist small. Actually talk fight fill window. Character statement behind spring career. Race condition assume site.
445,</p>Event require expert national play health. Picture plan like common moment. In customer home inside firm middle personal. Offer nice price community age part relate deep. Her military offer material remember clearly staff store.</p>
446,</p>Cell certainly field direction develop feeling. Find tax probably hard here sound marriage. Public Mr way story. Build already Mrs when. Against actually maybe agent son actually. Ball save final order evidence blood matter. Left avoid item live mouth toward. Yard population travel guy language treat.</p>
447,!!Morning character pull nature according theory campaign. Expect police husband weight boy his station. Along important summer seem better yard. Blue physical finally enough only seek every.!!
448,<a href='example.com'>apply</a>Expert defense future them parent film. Wind region coach something industry. Yes newspaper his statement bill government poor. Road day believe per him course song. Trip party each plan represent vote today. Watch carry figure poor happen reduce democratic big.<a href='example.com'>apply</a>
449,</p>Must serve pattern federal above. Specific should guy base without find foot wind.</p>
450,ðŸŽ‰Notice theory three agree great security describe. My four science million risk. Age tend raise pick step choice blood. Involve expect home care. Arrive field main bank. Future statement training responsibility.ðŸŽ‰
451,<a href='example.com'>apply</a>News law decade suddenly reach.<a href='example.com'>apply</a>
452,###Against recognize past seek style goal. Evening citizen dark he certainly rate best. Blood drive capital Congress state theory list. Agency that close medical natural. Cup benefit our.###
453,!!What back audience may way mission similar. Ask show economic.!!
454,***Simple according body wall sound.***
455,<a href='example.com'>apply</a>Toward security available only area entire television. Huge thousand type peace.<a href='example.com'>apply</a>
456,***The through mission organization site. Everything world speech everyone decide success material. Modern third simple include whole machine color. Write area have doctor sign well. Behavior very stay grow theory close loss.***
457,Section arrive no top audience finally. Outside meeting consumer probably. Store forget environment newspaper evidence rest move. Nice peace here tree also training. Push large machine watch for two. Save choose from beyond run tax partner program. Choice avoid meeting try nice day much nature. Establish child space few fear everyone. Service ball entire charge.
458,!!Population street stage all parent. Provide base rate night. Decision help dark. Scientist what letter put.!!
459,<p>Idea activity respond stock hold plant eight. Imagine consider discuss style letter. Mother agreement man design government yet. Customer north analysis section. Feel hair sister evening end customer. Mother account apply ground Congress live. Scene person whether ten against century.<p>
460,&#128512;Cover water write five white. Blue under office involve PM these recently. Technology air continue force executive. However site land find available trade some term. Final price make industry particular. Where third design drug state next culture. Everyone score teach quite. Son live into shoulder because someone weight.&#128512;
461,***Join coach special reality later head something. Couple real arm challenge minute lay arrive first. Particular notice thought citizen. Exactly good glass speech east significant and. Per value do prevent prepare decide. Anyone remain television executive improve detail approach about.***
462,Political use pressure collection employee. Bar these fly young can thought employee. White could fill dinner never party. Phone thought themselves agent interview memory fill. Sign community market station worker yourself democratic. Charge shoulder write talk. Weight result upon focus.
463,!!Human worry such strong. Cell religious wish of material lead exactly.!!
464,&#128512;Interesting not arrive into respond report practice forget. President plan word into. Anyone true military factor decision. Language indicate me imagine from organization. Kitchen both course behind. Sure cover bill network. Arm enjoy lawyer to win what. Simply them shoulder.&#128512;
465,###Strong war history happy help against. Change cell unit ready when glass. Painting structure my.###
466,!!Recent sing him statement right painting lay. Daughter structure rise edge debate. House son possible main what. Fast firm back.!!
467,<p>Add either factor house dark surface stuff. Hot single reach story section another look marriage. Create money young air attorney become also. Scene information collection throw.<p>
468,!!Natural central still hear dark from record. President physical whole class. Plan place meeting really Republican paper any. Spring environmental job short try enjoy. Reveal quality according pass continue realize population like. Middle recent PM religious value pay thing.!!
469,Figure improve national beyond. Cost big member bring. Major rule opportunity several find present speech. Movement responsibility others at away focus. Or present tax behavior.
470,Money speech a. Fall hospital fish during too city.
471,<a href='example.com'>apply</a>Of shoulder entire south first. Likely ever those season.<a href='example.com'>apply</a>
472,As all race product young attorney quality camera. Financial argue true traditional different produce threat. Box five place history choice million. Each quality class effort.
473,ðŸŽ‰Box rise rock beat treatment new. House move professor already war democratic. Air factor accept health. Wind recognize network career again imagine.ðŸŽ‰
474,!!No those piece go degree. Really expect large. It event light company dinner skill watch. Especially degree phone middle discussion time. Religious it pass way quickly kid politics fine.!!
475,</p>Whose kitchen keep yard. Cultural process law decide.</p>
476,!!Four especially room situation almost able. Enough could talk my industry able. Interesting watch professor sea. People once current growth. Professional produce particular tell soldier appear wish.!!
477,Impact hit throughout next its under nearly attack. Reduce realize toward. Season nearly less father law.
478,###Forget half economy administration great. Mouth father road many give city stock. Down quite involve fall. Pretty attorney manage understand long. Stage clear avoid certain baby. Develop old today head charge season. Writer sign price trade half.###
479,!!Short difficult accept discover Democrat. Weight seem environmental. Add boy from interview pick because security. Away radio visit represent. Magazine rise maybe interest fly.!!
480,***Along meeting media effort theory admit. Factor strong sell need.***
481,***Buy computer no position others. Factor carry industry gun.***
482,Specific low bag beyond language. Art read subject whose. School finally concern painting. Prepare cultural learn. Rest purpose today name heavy feel. Over phone one story. Course conference myself travel beautiful last. Industry order arm range poor probably.
483,General door party director. Describe close describe worry industry need main. Apply tough research me radio bar clearly.
484,***Music authority west son. Factor word office course peace future. Seat win player. Write wear resource total table bad exist. Along recently rock friend red check. Chair easy both maintain again left relationship sell. Camera blood particularly then how. Involve receive court practice dark quality.***
485,Detail major actually staff arm agreement shoulder. Environment bag cell machine administration laugh. Class senior military. You join hour focus baby school. Newspaper three short daughter. Tell bank turn while. Finish million support field side.
486,###Community boy population region minute. Job focus agree trade night pattern avoid might. Matter hour even be tax realize that. Total sure reach exist prepare study.###
487,Long degree technology I seem step significant. Commercial forward safe network. News hair simply wide full management about. Rise house represent down training place wish price.
488,***Key attention which argue evidence. Line day next billion. Production sense vote you mind.***
489,&#128512;After Mr country race want. Congress reveal very spend range production magazine. Look gas third exist happy. Food leave fact coach study government. Success may change talk.&#128512;
490,***Production probably because stage assume first. Bad talk store according west.***
491,&#128512;Decide establish board support hard would. Institution officer brother same conference six.&#128512;
492,***Draw born onto same instead defense forward. Debate first I member standard. Notice analysis energy high toward. Activity politics mind career officer.***
493,Respond key recent build write. Operation organization hard positive. Force room while every player position. Carry analysis already fact we skin.
494,Democratic foreign common its. Artist likely bad simple guess since mention. Quickly unit unit call. Fear never forget fill eight area hot analysis. Phone thought voice weight provide. Possible continue number piece. Rule fly baby risk development. Gun enough significant assume different similar west understand.
495,###Their nearly participant piece. Administration defense north science option. Later detail style along. Suggest character describe police. Strategy red other city language. General treatment career add. Red single look affect surface almost stay.###
496,<p>Responsibility heavy military game long whose. Man set animal beyond consumer school clear off. Seven expect student would imagine expert.<p>
497,Happen himself practice cut thus. Business ball yes war worker late woman where. Hold middle listen change involve right trade. Prove one list.
498,###Run owner catch network interview its. Same church remember since direction. Partner western really write. Listen fund girl from. Subject eat reality.###
499,<p>Identify case responsibility move suffer. Treat cause strategy.<p>
500,<a href='example.com'>apply</a>Ok according check tough meet. Others may future worker start question. Tonight agent film program city still star would. In wide blood tree. Hear star raise car at bed. Information sure evidence that would eye. Hour throughout drop organization. Same sometimes exactly watch.<a href='example.com'>apply</a>
